[{"ID":1,"FirstName":"Nancy","UserName":"ndavo","LastName":"Davolio","Email":"ndavo@sample.stregsystem.dk","Balance":399689},{"ID":2,"FirstName":"Andrew","UserName":"afull","LastName":"Fuller","Email":"afull@sample.stregsystem.dk","Balance":32900},{"ID":3,"FirstName":"Janet","UserName":"jleve","LastName":"Leverling","Email":"jleve@sample.stregsystem.dk","Balance":5050},{"ID":4,"FirstName":"Margaret","UserName":"mpeac","LastName":"Peacock","Email":"mpeac@sample.stregsystem.dk","Balance":10000},{"ID":5,"FirstName":"Robert","UserName":"rking","LastName":"King","Email":"rking@sample.stregsystem.dk","Balance":-103.5},{"ID":6,"FirstName":"Martin","UserName":"bent21","LastName":"Mortensen","Email":"martin@gmail.com","Balance":10000},]